{
  "avg_tap_ms": 2416.705882352941,
  "avg_swipe_speed": 0.26665754697521815,
  "created_at": "2025-09-03T20:26:54.359638",
  "sessions_used": 5,
  "tap_samples": 34,
  "swipe_samples": 30
}